Folder,File,MFCCs,ZCR,PitchMean,PitchStd,SpectralCentroid,SpectralBandwidth,SpectralRolloff,Harmonic,Percussive,Clarity,Confidence,Agreeableness,Pace,Volume Dynamics,Compelling
An individual's culture,citizen_audio_0413c4f8-2eef-4c15-8a68-88db002575a2.wav,"[-382.1803283691406, 115.28199005126953, -8.932511329650879, 12.494709014892578, -1.248803973197937, 9.611148834228516, -1.8200082778930664, -17.169387817382812, -13.433849334716797, -18.062164306640625, -7.425084114074707, -13.564406394958496, -8.793915748596191]",0.075441995,22.17138863,218.8594971,2495.547994,2211.583716,4232.901485,-4.62E-09,1.24E-06,4,4,3,4,1,0
An individual's culture,citizen_audio_0a66b438-9651-4748-ae5e-33db97b7b5c0.wav,"[-379.76568603515625, 68.33409118652344, 4.213817596435547, 12.552274703979492, 14.416112899780273, 12.20339584350586, -4.31837272644043, -8.984416961669922, -22.39349937438965, -13.717177391052246, -9.470471382141113, -9.64494800567627, -17.148469924926758]",0.092943878,17.62338638,204.4911804,3704.078313,3660.635283,6986.037562,2.57E-08,1.62E-06,5,5,3,4,3,0
An individual's culture,citizen_audio_0c4e7b6c-6f28-4efa-bc30-85fefb055b2b.wav,"[-417.2816162109375, 102.06086730957031, -14.073495864868164, 5.115187644958496, 14.426612854003906, -10.335944175720215, -12.294759750366211, -16.99243927001953, -14.431772232055664, -4.748556137084961, -11.881965637207031, -11.049921989440918, -4.76261043548584]",0.04910572,23.07002068,240.0517578,2257.883306,2060.043777,4226.891133,9.90E-08,-2.20E-06,3,3,2,5,1,0
An individual's culture,citizen_audio_11ebd1b3-b4b1-4b04-a134-a958feae4cdc.wav,"[-399.8691711425781, 108.3124008178711, 1.8114701509475708, 23.351701736450195, 11.353886604309082, 0.3568599224090576, 2.394916534423828, -5.290872097015381, -4.607202053070068, -11.700536727905273, -4.2110676765441895, 2.653167247772217, -11.805648803710938]",0.064109855,16.76506615,197.1334381,2234.249641,2135.525107,3946.247188,1.23E-09,2.31E-07,2,3,2,4,2,0
An individual's culture,citizen_audio_12175079-597a-4854-a039-2cf3ad937bc2.wav,"[-382.3475646972656, 132.1494598388672, -15.487789154052734, 24.24590492248535, 27.217239379882812, -1.3150581121444702, 13.07278823852539, -5.7338666915893555, -13.511590957641602, 8.661002159118652, -4.211836814880371, -11.549443244934082, -0.25057998299598694]",0.042085563,15.79630947,196.8674469,1780.724888,1592.739318,3227.401541,-4.30E-08,-3.22E-05,4,3,4,3,2,1
An individual's culture,citizen_audio_2bd82592-e0b8-426b-8b3c-50d8589708f6.wav,"[-391.2489929199219, 58.76569366455078, -14.829866409301758, 11.335550308227539, 3.965142250061035, -1.3580570220947266, -3.3760387897491455, -5.9526777267456055, -7.403286933898926, -14.59818172454834, -6.477756977081299, -10.128120422363281, -14.549306869506836]",0.085131073,28.80186462,270.175354,3083.771217,2648.903797,5383.118685,-6.28E-10,-3.20E-06,3,4,3,4,2,0
An individual's culture,citizen_audio_459d5457-2a8e-4812-bbd3-de9cb15b9094.wav,"[-432.5489196777344, 92.15762329101562, 20.1794490814209, 9.4573974609375, -7.607847690582275, -3.846644639968872, -21.053346633911133, -13.906919479370117, -14.482771873474121, -6.209208965301514, -10.876620292663574, -4.007178783416748, -6.896212577819824]",0.101028473,23.37590218,238.2157288,3225.86607,3110.683168,5618.906931,-3.89E-07,8.54E-06,5,4,3,2,2,0
An individual's culture,citizen_audio_630e0f8e-4c1b-4413-b054-cb8a275bc9de.wav,"[-426.5503234863281, 95.8133773803711, 9.9829683303833, 15.527342796325684, -17.69507598876953, -6.910059452056885, -8.913800239562988, -16.12163543701172, -0.1931198388338089, -7.763772010803223, -10.190784454345703, -9.323023796081543, -2.2337417602539062]",0.071740226,19.52100182,208.2806702,2655.587087,2575.175713,4619.673505,-4.28E-10,4.90E-07,4,3,2,2,2,0
An individual's culture,citizen_audio_64b6d0cd-237a-481e-888e-6ac308d2b83a.wav,"[-430.11553955078125, 95.0882797241211, -7.327237129211426, 7.490678787231445, -1.009961724281311, 6.175830364227295, -11.845595359802246, -31.251590728759766, -10.989346504211426, -13.968847274780273, -10.518310546875, -7.121368408203125, -16.67822265625]",0.065739665,15.42321491,179.5946503,2447.395299,2414.830218,4196.579392,7.39E-09,8.67E-07,4,2,2,3,2,0
An individual's culture,citizen_audio_9717d5fb-d902-47a7-baa5-41a81a34da09.wav,"[-393.51788330078125, 75.96051788330078, 10.470423698425293, 36.8778076171875, 7.05324649810791, 15.3674955368042, -7.88643217086792, -3.004122495651245, -9.535279273986816, -10.105571746826172, -11.236528396606445, -8.596420288085938, -9.526341438293457]",0.081612433,13.17521667,176.7144318,3288.160374,3562.538142,6022.85634,1.11E-06,8.93E-06,5,5,4,4,4,1
An individual's culture,citizen_audio_9eb31fe4-a6ab-448e-843a-02424613e681.wav,"[-435.16082763671875, 78.99700927734375, 3.911693572998047, 15.413264274597168, 7.369833469390869, 3.855637788772583, -5.988902568817139, -17.672435760498047, -12.829015731811523, -17.130474090576172, -18.129501342773438, -14.509539604187012, -11.500015258789062]",0.06359226,18.77749825,206.8190613,2337.971129,2273.220999,3923.998076,-2.96E-10,-3.33E-08,4,2,2,1,2,0
An individual's culture,citizen_audio_b32b482f-5292-4e49-81c6-ed77b2c78758.wav,"[-420.2408752441406, 102.70475769042969, 33.3603515625, 9.987183570861816, 6.161566257476807, -2.126337766647339, -8.714961051940918, -12.961633682250977, -11.877753257751465, -7.437346458435059, -9.455513000488281, -10.724576950073242, -5.3429856300354]",0.067283559,12.83461189,161.4191284,3107.385048,4064.885934,5900.23085,1.37E-07,-2.40E-06,2,2,1,2,1,0
A house has all kinds of stuff,citizen_audio_01d2ccbd-5d5f-47f4-b3e8-0d42bafb2ffc.wav,"[-386.37823486328125, 100.16326141357422, -0.48297277092933655, 6.196030616760254, 5.994061470031738, -5.579986095428467, -0.009841322898864746, -14.380980491638184, -15.76710033416748, -1.2796481847763062, -8.746390342712402, -9.723788261413574, -2.311722755432129]",0.039148719,9.435281754,151.9440002,1367.629718,1135.988656,2179.19482,5.79E-08,-1.11E-05,2,2,1,4,1,0
A house has all kinds of stuff,citizen_audio_0ccd4000-40bf-4342-b254-06583b9f55c0.wav,"[-389.828125, 51.10767364501953, 49.390079498291016, 8.128015518188477, -15.033529281616211, 25.725189208984375, -31.696197509765625, 3.9254560470581055, -14.481867790222168, -4.292261123657227, -1.9442617893218994, -17.96886444091797, -0.06870044767856598]",0.220839174,5.989441395,103.1952438,7165.274322,5091.15289,12061.67234,-6.11E-07,-8.01E-07,4,5,4,2,2,1
A house has all kinds of stuff,citizen_audio_1a49ab7b-783e-48ee-bb5b-a24f8b08fef9.wav,"[-447.397705078125, 140.7448272705078, 11.97923755645752, 31.370798110961914, 8.711030960083008, -17.5157470703125, 10.279630661010742, -0.3954102098941803, -8.717460632324219, 7.955594062805176, 0.5347891449928284, -0.3287501633167267, 4.405107021331787]",0.057219874,9.551242828,143.4710999,1953.237546,1988.894874,3362.619863,1.07E-06,1.04E-05,4,5,5,3,3,1
A house has all kinds of stuff,citizen_audio_29927f3e-d6a5-4003-ac9d-4e4595872dff.wav,"[-375.7679443359375, 95.67100524902344, 14.477056503295898, 31.05899429321289, 11.466086387634277, -16.48101806640625, 7.952781677246094, 6.699861526489258, -16.035099029541016, -13.45682144165039, -13.540757179260254, -16.897008895874023, -7.703651428222656]",0.058503476,6.685700417,121.1568604,1885.306612,1415.622383,2811.383012,-9.53E-07,1.71E-05,3,3,2,5,1,0
A house has all kinds of stuff,citizen_audio_2f9d1fd8-731a-433b-93c9-96c50da398e4.wav,"[-460.3665466308594, 108.47865295410156, 23.148090362548828, 5.200953483581543, 2.915572166442871, -10.970128059387207, -8.660431861877441, -0.05927152559161186, -8.618331909179688, -11.050138473510742, -3.147657871246338, -4.29329252243042, -8.15144157409668]",0.078932966,13.32953644,165.3915863,3812.375883,4467.793178,7707.521508,-7.84E-07,1.31E-06,3,4,3,4,2,0
A house has all kinds of stuff,citizen_audio_384aa19c-9a39-422c-9e2d-d61d501580c2.wav,"[-398.2292785644531, 94.18263244628906, 18.567153930664062, 13.174259185791016, 1.311172604560852, 4.673643589019775, -4.397878170013428, 5.760695457458496, -6.822604179382324, -6.195504665374756, -4.9917802810668945, -11.918563842773438, -9.786111831665039]",0.083642464,8.636600494,129.5877228,2889.634534,2670.627966,4891.19733,8.29E-08,-5.13E-06,4,3,3,3,2,0
A house has all kinds of stuff,citizen_audio_390a3c3b-5546-4c65-bd42-34c5c92300e3.wav,"[-420.010986328125, 89.5722885131836, -4.559913158416748, 13.887123107910156, -1.8195087909698486, 8.403341293334961, -10.580689430236816, -4.8777241706848145, -7.0971174240112305, -10.272750854492188, -9.035436630249023, -1.7374684810638428, -11.497490882873535]",0.095629699,16.35350227,192.2872162,3278.327451,2967.189703,5582.741334,1.82E-08,8.76E-07,5,4,4,2,4,1
A house has all kinds of stuff,citizen_audio_468a2ab1-ea39-4c29-a076-cf162918e3b4.wav,"[-468.7102355957031, 103.41490936279297, 13.627878189086914, 7.628664493560791, -12.578705787658691, 1.4319474697113037, -4.818672180175781, -9.967400550842285, 2.6096200942993164, -9.139213562011719, -10.462026596069336, -8.205595970153809, -6.321205139160156]",0.066450085,15.69418716,173.2099762,2908.956684,2967.37921,5367.1875,1.64E-09,7.14E-07,3,2,1,5,2,0
A house has all kinds of stuff,citizen_audio_4dd15d7f-de90-4bd5-809a-0c35778c8764.wav,"[-406.3106384277344, 86.52946472167969, -0.8340296745300293, 19.41889190673828, 17.25187110900879, -12.625789642333984, -4.005140781402588, -1.4094088077545166, -9.711991310119629, -4.739862442016602, -8.671954154968262, -10.785785675048828, -3.7165820598602295]",0.051851704,20.8176136,232.7842712,2351.049709,2111.594408,4178.92112,-6.18E-08,-1.05E-05,5,5,4,3,5,1
A house has all kinds of stuff,citizen_audio_57594ff1-87c1-4027-b8d9-1772c91658a3.wav,"[-391.3247985839844, 96.0947265625, -10.035144805908203, 12.065325736999512, 3.947303056716919, 0.3301050364971161, -7.0614213943481445, -9.172361373901367, -16.038724899291992, -13.629504203796387, -9.60843563079834, -8.447948455810547, -5.332881450653076]",0.083392094,15.98003769,186.4047852,3302.598937,3264.205862,5933.962172,-1.97E-08,-1.98E-06,5,4,4,3,4,1
A house has all kinds of stuff,citizen_audio_5f218b20-3104-4159-b492-7e622fa75c40.wav,"[-425.2826232910156, 77.14453125, 22.595930099487305, 9.421929359436035, -9.13424301147461, -5.6120100021362305, -18.823760986328125, -8.14396858215332, -12.668667793273926, -5.1256022453308105, -9.275347709655762, -2.2175025939941406, -7.794569969177246]",0.110630435,22.66314697,234.1012115,3453.186698,3296.251479,5908.973938,-3.94E-07,-5.13E-06,4,5,1,3,5,0
A house has all kinds of stuff,citizen_audio_71f65753-d9ce-45ae-898a-89911f90bac1.wav,"[-443.38653564453125, 91.22362518310547, 18.73012351989746, 37.90675354003906, 13.4561767578125, 21.284605026245117, 8.403238296508789, 11.871782302856445, 3.7738568782806396, -2.963928699493408, 3.039638042449951, -0.7551262378692627, -1.476543664932251]",0.060262329,12.1447401,169.0482483,2636.500483,3345.411146,4481.719843,-1.11E-06,-3.70E-06,4,4,3,2,3,0
A house has all kinds of stuff,citizen_audio_73f5ede5-e790-4b84-b323-c8c041b14703.wav,"[-399.98046875, 70.71620178222656, 1.7498738765716553, 44.329833984375, -16.223060607910156, 12.991351127624512, -4.928947925567627, -12.811230659484863, 2.169699192047119, -18.94190788269043, -6.771838665008545, -6.794411659240723, -3.054954767227173]",0.126735525,24.00156975,245.1020508,3954.541767,3130.689611,7110.838964,-2.37E-09,5.42E-07,5,4,3,3,3,1
A house has all kinds of stuff,citizen_audio_8ce6a097-09ec-45ec-9d6a-f59716040be3.wav,"[-412.8344421386719, 86.90121459960938, -6.387325286865234, 18.26425552368164, -2.1518607139587402, 1.0273317098617554, 0.39313480257987976, -10.628397941589355, -7.990250110626221, -8.81026554107666, -7.904141902923584, -17.512739181518555, -8.124505996704102]",0.075320051,20.58710289,208.1977081,2646.574322,2498.423956,4522.676257,1.93E-08,8.60E-07,5,3,2,3,2,0
A house has all kinds of stuff,citizen_audio_91f17e50-84ab-4dcb-8bda-a458f5431e44.wav,"[-387.7270202636719, 64.94269561767578, -26.61733055114746, 10.275141716003418, -1.8282537460327148, 2.817229747772217, -9.796615600585938, -18.87875747680664, -2.0725061893463135, -18.018667221069336, -11.541580200195312, -2.036926746368408, -9.888814926147461]",0.095625416,29.36376381,269.9498901,3281.554743,2677.908036,5510.671015,-2.61E-08,-3.24E-05,3,5,2,2,5,0
A house has all kinds of stuff,citizen_audio_92a013e2-1719-4fb5-ab0b-fd270e0ed32c.wav,"[-375.6197204589844, 104.5140151977539, -17.412704467773438, -0.5208891034126282, 4.700141906738281, -4.285038471221924, -17.783031463623047, -4.461639404296875, -10.462664604187012, -11.506240844726562, -11.624164581298828, -14.325398445129395, -5.4385294914245605]",0.081343997,24.82613754,249.9676361,2719.899981,2251.558698,4713.922419,1.71E-08,6.10E-05,2,2,1,5,1,0
A house has all kinds of stuff,citizen_audio_bbc63bf7-a0f8-4490-b314-1efe71195b53.wav,"[-397.40887451171875, 100.11190795898438, 12.34681510925293, 10.89651870727539, 0.8280943632125854, 7.198574542999268, -5.832839488983154, -8.845319747924805, -5.823832988739014, -4.452304840087891, -10.156524658203125, -15.860010147094727, -3.7450408935546875]",0.082885822,12.09499645,162.5127411,2782.141737,2506.018554,4679.158873,-2.40E-06,-1.81E-05,4,3,3,3,2,0
A house has all kinds of stuff,citizen_audio_d1ada1f5-c779-4fc0-9019-b7a21f620149.wav,"[-421.5903015136719, 87.0009765625, 33.784149169921875, 18.527524948120117, -3.4101004600524902, -8.46224308013916, -6.788031578063965, 3.5786705017089844, -11.700751304626465, -11.01687240600586, -10.349414825439453, 2.580814838409424, -6.442304611206055]",0.150288357,10.99895668,155.9350281,4102.59064,3577.200733,7157.190639,-2.22E-08,-5.33E-07,4,4,3,4,2,0
A house has all kinds of stuff,citizen_audio_d6e66193-86d4-4e31-b9a9-9a12d2ab1807.wav,"[-341.577880859375, 124.10823059082031, -24.42055892944336, 30.724916458129883, 23.79281997680664, -27.113107681274414, -0.02533450908958912, -1.2841155529022217, -19.64035415649414, -0.9126882553100586, -4.862837314605713, -14.302850723266602, -1.6301720142364502]",0.060448297,16.90942192,212.3723297,2166.010069,1740.744668,3599.945534,-1.27E-07,3.35E-05,1,2,1,4,2,0
A house has all kinds of stuff,citizen_audio_eef9e338-a577-40fc-94aa-23ece2fe0e82.wav,"[-364.5212707519531, 116.92924499511719, -17.680419921875, 24.278297424316406, 20.672643661499023, -20.550518035888672, 0.5016606450080872, -3.784334421157837, -19.910503387451172, -0.08834436535835266, -2.0056521892547607, -13.250436782836914, -2.516538619995117]",0.052578528,14.77056503,196.9348755,2118.013785,1724.597029,3594.16478,1.87E-08,2.24E-07,2,2,1,3,2,0
I am an architect,citizen_audio_0856bd28-1c08-47cb-bd6d-ccce0db3183d.wav,"[-426.1828918457031, 75.62425994873047, 6.768630027770996, 26.760541915893555, 6.605301856994629, -4.519680500030518, 4.992274284362793, -21.007827758789062, -12.643088340759277, 8.082852363586426, -9.002402305603027, -3.229496479034424, 5.040657997131348]",0.066528789,6.761995792,122.8726654,2099.888762,1456.420754,3121.181507,4.34E-06,-1.49E-05,2,3,2,3,2,0
I am an architect,citizen_audio_106bc9ad-6f9e-4d5f-9d93-5c02dc6794ab.wav,"[-371.071533203125, 103.50261688232422, -21.92095184326172, 23.904321670532227, 21.454872131347656, -19.005041122436523, 0.3946854770183563, -4.736056804656982, -18.767770767211914, 1.2521560192108154, -1.8025130033493042, -11.642087936401367, -1.5506370067596436]",0.054806847,17.01137352,212.3743896,2140.22846,1711.685161,3676.677925,1.03E-08,1.62E-05,3,3,3,3,2,0
I am an architect,citizen_audio_2c6ce7f8-b61f-40e3-ab9d-08aacb0429a0.wav,"[-427.4755859375, 97.726806640625, -12.462898254394531, 19.144187927246094, 16.270353317260742, -4.247211933135986, -1.7972031831741333, -2.0482537746429443, -4.164006233215332, -19.914133071899414, -15.239034652709961, 1.927598237991333, -6.112753391265869]",0.070790296,27.06977654,261.0166626,2503.418648,2299.758249,4294.678807,2.53E-10,-2.96E-06,5,3,3,2,3,1
I am an architect,citizen_audio_2e615a3a-ad06-4c1c-906d-58d4309c84ce.wav,"[-406.4453125, 136.16761779785156, -1.4411249160766602, 25.062816619873047, 10.322670936584473, -15.971656799316406, 11.037344932556152, -2.356663942337036, -14.528879165649414, 4.307210922241211, 0.8844912648200989, 1.2067694664001465, 7.3240580558776855]",0.058796332,9.70909214,139.6066742,2084.299704,2138.363349,3767.776386,-3.74E-07,-5.89E-06,3,3,2,4,2,0
I am an architect,citizen_audio_301dbc84-1ee4-4196-a153-57d3ae47ecb8.wav,"[-372.8456726074219, 71.9422607421875, -28.843584060668945, 26.021034240722656, -9.428470611572266, -4.707169532775879, -14.873453140258789, -11.057778358459473, -21.34018325805664, -7.942458629608154, -8.724095344543457, -7.3159379959106445, -13.630253791809082]",0.137256023,46.88951111,344.3971863,2481.66204,1837.332035,4244.761183,9.48E-09,3.23E-07,4,4,4,2,3,1
I am an architect,citizen_audio_4e43bcf2-af44-4f51-bb7b-98cd6c0896f0.wav,"[-376.0248107910156, 96.41053771972656, 1.3601762056350708, 18.045679092407227, 9.129551887512207, 8.735477447509766, 8.519915580749512, -5.302702903747559, -12.803301811218262, -8.135966300964355, -12.861854553222656, -7.288904666900635, 10.245930671691895]",0.058817058,16.8637104,198.6315308,2599.737029,2743.178405,4840.399296,-9.87E-09,-1.01E-05,5,4,4,3,3,1
I am an architect,citizen_audio_50af456b-b98f-4d0a-adf3-4a25b7c80ade.wav,"[-427.1034851074219, 83.82563018798828, 7.993049621582031, 57.47260665893555, 8.321401596069336, -4.947310924530029, 1.2140328884124756, -10.628464698791504, -12.603799819946289, -10.74104118347168, -0.9294639825820923, -6.499546051025391, -5.0171027183532715]",0.106612773,19.82146263,227.9296722,3202.656747,2319.872218,5183.402696,1.12E-08,7.72E-08,3,2,2,3,2,0
I am an architect,citizen_audio_5ec677dc-8c12-4ff9-894b-5164e15d485e.wav,"[-397.9419860839844, 58.9696159362793, -12.886344909667969, 23.161304473876953, -6.309683322906494, 11.708366394042969, -0.7040250897407532, -3.1018340587615967, -9.184696197509766, 0.6307122707366943, -3.8437578678131104, -0.5058330297470093, -8.20950698852539]",0.112853727,24.24520493,242.4871216,3942.836986,3452.456872,7103.071474,-3.20E-09,1.53E-07,5,4,4,2,4,1
I am an architect,citizen_audio_76a99e41-d14d-495b-b828-251c8e869a0b.wav,"[-372.3724670410156, 53.87855529785156, -24.316614151000977, 19.46977996826172, -8.899789810180664, -0.7061066627502441, -16.1318359375, -7.8288068771362305, -16.063966751098633, -8.735502243041992, -5.35487174987793, -8.139669418334961, -12.66060733795166]",0.147815715,61.84820557,395.7069092,3016.328532,2107.572748,5138.743939,2.03E-08,4.32E-06,3,4,4,3,3,1
I am an architect,citizen_audio_77ff0b88-27e0-4a68-ac16-a2157ea96ca2.wav,"[-482.1768493652344, 80.6005859375, 1.4426740407943726, 2.759787082672119, -19.910594940185547, -11.913731575012207, -10.855563163757324, -10.527547836303711, -2.1854965686798096, -9.138319969177246, -7.862951755523682, -11.000214576721191, -13.631855010986328]",0.081786189,19.2033062,208.6055908,3128.667291,2838.916684,5372.892266,2.04E-09,8.22E-07,4,4,2,3,5,1
I am an architect,citizen_audio_898004c8-46f5-436a-8e56-ed1cdd2ff9bf.wav,"[-435.3251037597656, 71.1449203491211, -31.22721290588379, -3.176644802093506, 8.068333625793457, -16.15328598022461, -10.260430335998535, -8.58324146270752, -12.242765426635742, -4.275249004364014, -5.484786033630371, -7.401072978973389, -3.582441806793213]",0.069816241,35.46708679,300.7874451,3967.720626,3276.989196,7139.945489,3.08E-08,3.93E-06,3,4,2,4,3,0
I am an architect,citizen_audio_9387781d-81fe-498f-ae1f-fe48817c851f.wav,"[-425.3418884277344, 63.511722564697266, -21.69228744506836, 6.183938980102539, -6.725529193878174, 4.82573127746582, -10.325100898742676, -7.247117042541504, -6.94807243347168, -21.42350959777832, -3.4692962169647217, -11.270126342773438, -10.273222923278809]",0.107101641,24.25044632,240.296051,3691.450681,2927.345134,6212.987,2.14E-09,-1.87E-05,3,5,2,4,4,0
I am an architect,citizen_audio_a03f1347-8ede-41d6-8313-4bd1aa106a97.wav,"[-460.0541076660156, 122.40203094482422, 32.09819030761719, 1.6802045106887817, 16.495351791381836, 18.119773864746094, 8.56823444366455, -3.4834489822387695, -2.342320203781128, -3.1949715614318848, -1.6196726560592651, -2.532379150390625, -4.021335124969482]",0.103710338,13.4642725,154.3458862,4464.644744,5305.295343,9064.534823,-2.34E-08,-2.39E-06,2,2,1,4,2,0
I am an architect,citizen_audio_b179783c-27a8-4d25-a189-b29e5d9e5f5c.wav,"[-394.8877868652344, 101.01777648925781, -9.850205421447754, -3.586210012435913, -7.788815975189209, -20.157291412353516, -13.567130088806152, -11.952984809875488, -15.973936080932617, -11.052911758422852, -8.156512260437012, -8.80908203125, -9.12706184387207]",0.079065225,23.91807938,233.7777863,4071.016003,3294.46442,7069.20162,-9.72E-10,9.52E-06,3,4,3,4,3,0
I am an architect,citizen_audio_bcbfbf1f-8bed-422d-9e75-5d38a5f87c36.wav,"[-375.8387451171875, 67.62007141113281, -25.493305206298828, 25.597564697265625, -4.711277008056641, -3.556628704071045, -15.670127868652344, -8.366381645202637, -21.223182678222656, -9.834598541259766, -7.174094200134277, -10.194465637207031, -13.003746032714844]",0.145424242,46.42842102,344.355957,2508.751471,1815.224096,4138.472147,2.33E-08,1.91E-06,4,5,4,3,2,1
I am an architect,citizen_audio_d19a04d0-ce99-4338-b17a-12621d241d02.wav,"[-409.7906799316406, 74.70146179199219, 3.3418102264404297, 25.239444732666016, -1.5535178184509277, 17.426422119140625, -2.0352160930633545, 7.872958660125732, -3.250183343887329, -8.604592323303223, -10.524662971496582, -5.594625949859619, -7.633809566497803]",0.111419637,14.33817482,177.5482635,4667.300325,4433.573166,9049.887048,-3.49E-08,6.28E-06,5,4,3,3,1,0
I am an architect,citizen_audio_e115def9-f680-489f-b664-62fcaa7b9a73.wav,"[-470.8645935058594, 117.49142456054688, 23.07455062866211, 0.11998550593852997, 1.9232503175735474, -8.029804229736328, -8.729973793029785, -4.896826267242432, -11.022513389587402, -7.658156871795654, 0.8023934364318848, -3.5605545043945312, -8.403251647949219]",0.079256017,15.76313782,177.8184509,3863.355373,4660.502736,7987.12467,6.96E-07,4.26E-06,2,3,3,3,2,0
I am an architect,citizen_audio_ef81f6c7-ca99-433b-a61f-c734b2416b32.wav,"[-412.31451416015625, 100.13990020751953, 21.376598358154297, 26.05880355834961, 10.090240478515625, 3.96050763130188, -7.858946800231934, -12.99159049987793, -8.295754432678223, -3.529045343399048, -4.184916019439697, -5.855821132659912, -1.9130843877792358]",0.070584407,11.3872242,157.1838379,2789.518633,2960.751522,4884.640174,-2.73E-06,2.47E-05,2,2,1,5,1,0
I am an architect,citizen_audio_f253230c-7438-46f5-ba57-42f7542b566b.wav,"[-422.8814697265625, 98.2872314453125, 9.855581283569336, 48.220298767089844, -0.6588696837425232, 14.061705589294434, 0.8402552604675293, -12.066875457763672, -13.739567756652832, 3.5358080863952637, 15.587624549865723, -8.623172760009766, 0.6733483672142029]",0.086504962,12.35054207,163.0413513,3509.401949,3304.848999,6630.813626,9.17E-07,5.69E-06,2,2,1,5,1,0
Mathematics is essential,citizen_audio_005ca4d0-b2d1-4728-be56-86c72450c20c.wav,"[-393.1634521484375, 105.23355865478516, 6.175806999206543, 23.8319091796875, 12.555665016174316, 13.37139892578125, 11.434610366821289, -4.455421447753906, -13.76026725769043, -8.281903266906738, -11.373668670654297, -5.737840175628662, 10.27769660949707]",0.057109107,17.35834885,205.9469604,2643.011677,2613.73355,4610.047089,-1.00E-07,-1.79E-05,4,4,3,4,2,1
Mathematics is essential,citizen_audio_0f18bf81-2402-47df-998f-1d44e590d537.wav,"[-380.9111328125, 107.29065704345703, -3.996882677078247, 0.7486361265182495, -5.190654754638672, -13.817458152770996, -14.41767692565918, -13.735810279846191, -11.866971969604492, -10.965764045715332, -7.977715015411377, -5.339696407318115, -8.781844139099121]",0.126819011,14.72717857,174.758255,3912.927791,3258.613883,7033.632096,-1.14E-09,3.61E-08,5,4,2,4,2,0
Mathematics is essential,citizen_audio_1b8b52e0-7b13-4c77-aea5-f7a66a6a5512.wav,"[-364.7384033203125, 107.3204345703125, 22.236263275146484, 24.164730072021484, -25.66534996032715, 0.7718849182128906, -13.779707908630371, -2.5624732971191406, -9.4689302444458, -12.128162384033203, -6.4704484939575195, -5.601242542266846, 3.313692092895508]",0.109479757,9.978760719,142.7526245,3437.962468,2878.854189,5758.352535,-7.06E-07,-7.70E-06,4,4,4,3,4,1
Mathematics is essential,citizen_audio_2662e5e9-eb23-46c5-b90a-57d137b4ed73.wav,"[-444.0987854003906, 77.14673614501953, -27.64937400817871, 15.788864135742188, 1.983856439590454, 10.236443519592285, -14.503390312194824, -33.12627410888672, -0.24833953380584717, -12.387552261352539, -11.77662467956543, 0.37752529978752136, -5.421294689178467]",0.107652955,25.57082558,248.934906,3323.163644,2474.663861,5186.597032,-2.16E-09,-4.78E-07,5,5,5,2,5,1
Mathematics is essential,citizen_audio_35ca0bf3-f531-461c-8b2a-8075458c6e1c.wav,"[-408.9537353515625, 124.20838165283203, 11.277844429016113, 19.235700607299805, 18.48345947265625, -2.7549943923950195, 3.0381250381469727, 2.943977117538452, 2.3687100410461426, 3.300335168838501, -2.2565698623657227, 3.644636392593384, 2.393440008163452]",0.0459033,13.69181061,180.8082428,1529.754792,1675.704354,2582.825232,-3.38E-06,6.88E-06,2,2,1,3,3,0
Mathematics is essential,citizen_audio_51ab3e8d-f4fb-4525-9c50-b2fa4497fd7f.wav,"[-380.15460205078125, 128.18426513671875, -2.351207971572876, 19.315061569213867, 17.941007614135742, 12.175115585327148, -5.2384724617004395, -2.6672942638397217, -10.398364067077637, -9.042052268981934, -16.739442825317383, -10.53594970703125, -4.274991512298584]",0.064721094,21.18696213,218.3868561,2335.3153,2572.226862,4016.933174,-2.75E-07,-5.90E-06,4,3,3,3,2,0
Mathematics is essential,citizen_audio_619bbc13-911d-48e4-a091-4bc5ad101f34.wav,"[-332.5139465332031, 68.13511657714844, -18.893415451049805, 24.254680633544922, -5.323766708374023, -4.274963855743408, -14.928966522216797, -9.503281593322754, -20.01812171936035, -9.702454566955566, -8.972270965576172, -3.8465559482574463, -15.380176544189453]",0.139644953,47.41437531,348.9837952,2557.838255,1831.648946,4318.427325,4.01E-09,7.60E-06,3,4,4,3,3,1
Mathematics is essential,citizen_audio_71ab7ec2-e40c-4415-a7c5-21f82536f931.wav,"[-427.2403259277344, 134.5445098876953, 35.79087448120117, -4.273444652557373, 18.974212646484375, 20.282039642333984, 8.948427200317383, -6.443410396575928, -3.2870171070098877, -3.118594169616699, 1.6579090356826782, -3.330068588256836, -5.929566383361816]",0.091204407,12.56526566,150.2567749,4205.11936,5277.183003,8694.590712,-3.22E-07,-8.53E-06,2,2,1,3,2,0
Mathematics is essential,citizen_audio_8c4cd5fd-d8d4-4cf0-82e9-4c2ae483a794.wav,"[-389.5038757324219, 110.04468536376953, -5.870082855224609, 25.2736759185791, 15.088492393493652, -6.434524059295654, -17.971027374267578, -12.338692665100098, -7.343277454376221, -1.6166330575942993, 3.4462368488311768, -4.8892035484313965, -7.544816970825195]",0.075761402,12.06570053,166.3439484,2830.297926,2741.913628,4854.555902,1.24E-07,-2.01E-06,3,4,2,3,3,0
Mathematics is essential,citizen_audio_a3162132-515d-4a85-af81-fc650d07f49c.wav,"[-436.62847900390625, 102.88506317138672, -38.32786560058594, -1.769894003868103, 10.130274772644043, -18.39986801147461, -9.24155044555664, -11.530478477478027, -16.00407600402832, -5.15788459777832, -6.157524108886719, -6.109584331512451, -3.946664571762085]",0.071542275,33.68995667,292.5234375,3439.412555,2775.234993,6013.971628,3.45E-09,1.07E-06,1,2,1,5,1,0
Mathematics is essential,citizen_audio_b02c17b6-3c51-409f-8226-71688e48cac9.wav,"[-344.0459289550781, 111.16512298583984, -25.72772789001465, 11.552082061767578, 14.7141752243042, -21.76284408569336, -6.951746940612793, -5.873532295227051, -13.834321022033691, -4.507490634918213, -8.970205307006836, -11.467568397521973, -9.06978988647461]",0.069903618,12.23556137,172.5468903,2117.3883,1427.959429,3364.923059,2.19E-07,-8.78E-06,3,3,2,4,2,0
Mathematics is essential,citizen_audio_b7b09af1-25be-4f4d-96ee-59deeeab129a.wav,"[-486.6936340332031, 112.5721206665039, 64.26374053955078, 35.909423828125, 18.461345672607422, 6.834870338439941, -9.830955505371094, -8.209712982177734, -7.428004264831543, -5.107332706451416, 0.5848127603530884, -3.3254125118255615, -2.945441246032715]",0.057821909,4.209104538,74.91899109,3816.380292,5452.567493,8394.347478,-1.67E-06,-1.11E-05,1,1,1,2,1,0
Mathematics is essential,citizen_audio_be30cf18-90b8-4910-82a9-e41f4d077e73.wav,"[-397.97625732421875, 98.1619873046875, -21.748933792114258, 24.44637107849121, 8.365880966186523, 7.922243595123291, -13.149836540222168, -15.02511978149414, -10.940804481506348, -17.19245719909668, 4.356923580169678, -12.452404022216797, -4.6324896812438965]",0.088781905,19.90703964,220.9338684,2870.202876,2373.785405,4727.631434,2.55E-09,7.46E-07,2,4,3,2,2,0
Mathematics is essential,citizen_audio_c2f7d769-414d-44c7-8ae2-d91fc8a24228.wav,"[-354.6528015136719, 73.12359619140625, 8.504053115844727, 15.140456199645996, 11.972055435180664, 7.264719486236572, -5.853209495544434, -0.39375147223472595, -8.38066577911377, -5.466270446777344, -0.9029451608657837, -11.428573608398438, -11.054786682128906]",0.097658633,11.45839119,158.9331055,3291.871618,2799.080509,5477.998533,2.24E-07,-5.46E-06,3,5,4,3,3,1
Mathematics is essential,citizen_audio_c662ebe4-bbb9-4fa2-aa7c-5e8d69bbc50b.wav,"[-305.6639709472656, 46.94700241088867, 20.413375854492188, 12.342028617858887, 12.223228454589844, 5.887943744659424, -1.808288335800171, -4.824223518371582, 3.4760282039642334, -10.519335746765137, -9.583470344543457, -2.999067783355713, -3.421455144882202]",0.157429358,14.69954586,190.4682922,6972.182428,6477.845518,14604.37637,-2.17E-06,-1.84E-05,2,3,2,4,2,0
Mathematics is essential,citizen_audio_d3c67432-b375-424a-8ed2-611b038632bf.wav,"[-392.1351623535156, 107.43899536132812, 8.160594940185547, 24.485244750976562, 9.194002151489258, -2.3831963539123535, 5.054022312164307, -21.098342895507812, -12.771574020385742, 4.951374530792236, -10.643993377685547, -0.38574862480163574, 5.20854377746582]",0.062540588,7.986226559,137.1401367,1921.294004,1325.876575,2856.7892,-2.40E-07,2.95E-05,2,3,2,4,2,0
Mathematics is essential,citizen_audio_d7640076-8d8b-4e0b-a292-15f4fd5ff8ed.wav,"[-383.6785583496094, 68.55475616455078, -15.104161262512207, 17.685237884521484, 25.600000381469727, 2.5964503288269043, -24.704055786132812, -9.386192321777344, -13.896798133850098, -1.2130022048950195, -2.7795629501342773, -5.191487789154053, -17.43362045288086]",0.137904918,16.35259438,205.5623627,4143.360585,3100.516755,6811.639154,5.33E-06,1.16E-05,2,3,2,4,2,0
Mathematics is essential,citizen_audio_de281e67-6b43-4266-9289-cb7ee7257c32.wav,"[-315.59844970703125, 137.11013793945312, -39.75044631958008, 30.010940551757812, 34.11936950683594, -16.530071258544922, 3.5577852725982666, -15.6719970703125, -30.276613235473633, 6.804527759552002, -1.0467643737792969, -18.693342208862305, -1.1928013563156128]",0.066443588,19.65806198,221.5532227,2382.520085,1877.122996,4301.039984,-7.05E-09,8.35E-07,1,2,1,4,2,0
Mathematics is essential,citizen_audio_f1cd4e7e-781f-4e95-8669-f367656b6e4f.wav,"[-351.2601623535156, 119.51371765136719, -9.120241165161133, 5.019314765930176, 4.395783424377441, -10.761979103088379, -2.573444128036499, -20.077960968017578, -17.617177963256836, -0.19959351420402527, -13.92873764038086, -11.487336158752441, -1.107331395149231]",0.042898672,12.94512081,176.2781982,1535.750288,1355.895955,2574.93932,1.79E-06,1.68E-06,1,1,1,3,1,0
Mathematics is essential,citizen_audio_f288ffaf-076e-4948-8467-f49d443fa6c0.wav,"[-387.7533264160156, 111.27111053466797, -14.41866683959961, 13.22258186340332, 9.532195091247559, -7.921331405639648, -28.928590774536133, -17.38506507873535, -0.14887695014476776, -13.04118537902832, -3.231898069381714, -8.394505500793457, -16.61838150024414]",0.078165266,18.29706955,206.6914368,2498.702645,1961.697056,4080.770382,3.21E-09,-3.03E-06,3,4,4,3,3,1
New knowledge from science,citizen_audio_1ed1f565-490a-4fd6-86f5-07f99618dc42.wav,"[-345.5692138671875, 71.22003173828125, -15.665128707885742, 24.020526885986328, 0.07232107222080231, -2.5344796180725098, -16.148073196411133, -12.79688549041748, -15.52313232421875, -10.356210708618164, -10.429386138916016, -6.839221477508545, -14.078594207763672]",0.129159063,39.96474075,319.0771179,2341.443524,1672.155276,3954.73123,3.45E-08,2.61E-07,4,4,4,4,2,1
New knowledge from science,citizen_audio_2ccdb076-a75a-4a37-a73d-f6d0f305fa9a.wav,"[-449.2843322753906, 107.69269561767578, 19.566694259643555, 14.06902027130127, -8.28302001953125, -2.8618226051330566, -3.6612157821655273, -11.642898559570312, -6.452742576599121, -6.989823818206787, -4.013826847076416, -10.455613136291504, -8.980842590332031]",0.063744311,13.86529827,162.6147919,2556.36423,2624.867121,4597.086149,-2.06E-09,-1.38E-06,2,4,3,4,2,0
New knowledge from science,citizen_audio_2dbabeb7-c50e-4f13-87b9-7eb2a3ba8ad2.wav,"[-432.4625244140625, 97.37538146972656, 1.1275482177734375, -3.0836710929870605, 10.692192077636719, -0.37478122115135193, -23.260828018188477, -19.266460418701172, -3.733889102935791, -7.12094259262085, -11.879460334777832, -9.45635986328125, -6.0156426429748535]",0.067136733,20.51893997,220.5132599,2216.386937,2064.927795,3843.728054,4.22E-08,3.93E-07,3,3,3,3,2,0
New knowledge from science,citizen_audio_3210e2da-079e-4cb0-ad0a-35e7eb5e7018.wav,"[-387.89739990234375, 114.38565063476562, -10.187976837158203, 24.932477951049805, 24.31888198852539, 2.0546646118164062, 3.301048517227173, -1.0043749809265137, -6.393334865570068, -20.976001739501953, -15.419377326965332, 0.9148085117340088, -7.709121227264404]",0.064322297,22.26081657,240.5890503,2163.286343,1884.659498,3663.547767,-3.78E-09,1.90E-07,3,3,2,2,2,0
New knowledge from science,citizen_audio_37c2ca91-8a81-4275-8e18-9ee8390de404.wav,"[-344.2481994628906, 112.1644058227539, -27.137887954711914, 15.071625709533691, 16.08561134338379, -21.497886657714844, -3.0008676052093506, -2.9087209701538086, -10.940702438354492, 0.5021342039108276, -8.424924850463867, -16.26553726196289, -11.8705472946167]",0.066489781,13.24649811,182.5375214,2040.808781,1396.850141,3296.679781,4.58E-07,-7.74E-07,3,4,4,4,2,1
New knowledge from science,citizen_audio_4762a4d4-37b8-4ffd-9a30-5c207a8d3cae.wav,"[-362.46856689453125, 96.06243896484375, 6.899502277374268, 33.94637680053711, 2.6616933345794678, 21.44412612915039, 0.04842386767268181, 7.116871356964111, -5.608150959014893, 1.0237462520599365, 3.963325023651123, -5.962466239929199, -8.301616668701172]",0.083894404,12.79427433,174.7421722,3683.291716,3869.119282,6711.776819,-5.38E-06,1.26E-05,5,4,3,4,2,0
New knowledge from science,citizen_audio_536b3ff7-3eb8-4d10-a1ca-a424b5a33ce9.wav,"[-384.5636901855469, 95.15460968017578, 28.862335205078125, 25.950037002563477, 12.104878425598145, 5.5571088790893555, -5.092031478881836, -15.167734146118164, -10.324477195739746, -4.435600757598877, -5.264870643615723, -7.100651264190674, -3.629500389099121]",0.06133399,9.89168644,147.8388977,2432.951891,2693.47142,4307.066441,1.04E-05,1.08E-05,4,3,2,4,2,0
New knowledge from science,citizen_audio_68f1b8d9-9eb8-4efb-be64-bae4fd9efdc2.wav,"[-405.7581481933594, 96.98388671875, -29.815128326416016, 2.5852198600769043, 15.806946754455566, -12.668777465820312, -11.754801750183105, -14.289851188659668, -14.550446510314941, -4.052484512329102, -5.50339412689209, -7.240547180175781, -5.911325931549072]",0.071079916,29.35465431,274.93573,3119.984198,2625.730515,5416.206253,9.36E-08,4.30E-07,3,2,2,4,2,0
New knowledge from science,citizen_audio_7955b963-d1f5-47ae-b2ae-0516948bae9c.wav,"[-438.74615478515625, 89.42208862304688, 9.930672645568848, 17.407100677490234, -9.056157112121582, -10.745083808898926, -13.25385570526123, -15.528976440429688, -4.066174507141113, -9.081605911254883, -10.70997428894043, -14.868462562561035, -14.461639404296875]",0.075816116,16.54311371,198.8641815,2620.984468,2288.580004,4320.590166,-1.01E-08,9.74E-07,4,5,3,3,3,1
New knowledge from science,citizen_audio_b115ec58-c287-45d3-99a3-4fee147dcd68.wav,"[-382.3688049316406, 111.31220245361328, -16.65285873413086, 20.174522399902344, 13.55843448638916, -5.005070686340332, -25.42714500427246, -19.525333404541016, -5.609653949737549, -13.289448738098145, -1.2911115884780884, -10.838775634765625, -17.77666664123535]",0.073515775,17.46538925,201.9625549,2439.543353,1986.725273,4048.52685,1.45E-09,-2.27E-06,4,4,2,2,1,0
New knowledge from science,citizen_audio_b7466913-abd4-4b31-9ba6-1ee2de9ab68c.wav,"[-351.2225646972656, 107.30701446533203, -22.11920928955078, 5.088815689086914, 22.316753387451172, -3.332491874694824, -7.457324504852295, -13.00730037689209, -12.263091087341309, -4.484868049621582, -9.551706314086914, -10.509967803955078, -13.261018753051758]",0.053179747,20.9302845,227.3926544,2415.779335,1989.502914,4302.995963,3.52E-08,-2.37E-05,3,4,3,3,3,1
New knowledge from science,citizen_audio_c54a4372-416b-459c-9ed1-81b12e26eff6.wav,"[-465.7388916015625, 114.99360656738281, -12.262568473815918, 13.6806058883667, 9.09271240234375, -10.031618118286133, 8.453022956848145, -0.3493202030658722, -15.603344917297363, -8.818511009216309, -3.95721435546875, -2.2940053939819336, -5.581264495849609]",0.079732847,22.18208122,233.2783813,2458.968185,1905.981464,3812.964975,-4.11E-08,-1.67E-07,2,4,3,3,2,1
New knowledge from science,citizen_audio_d688e1c7-d06b-4a36-9e99-093cc65b2e82.wav,"[-345.17462158203125, 123.4668197631836, -14.399286270141602, 2.3374907970428467, 1.7495428323745728, -18.14344024658203, -20.087722778320312, -16.48828887939453, -16.019506454467773, -12.72610092163086, -10.068265914916992, -9.40971565246582, -12.013436317443848]",0.08120718,16.8393383,195.4793091,2828.69809,2521.286924,4875.161032,1.13E-10,7.09E-06,4,4,3,4,2,0
New knowledge from science,citizen_audio_e1cf8a2e-0c48-4ef5-9cb0-c79a6a81ff74.wav,"[-365.68951416015625, 79.47216796875, 4.366703987121582, 26.731779098510742, -1.4736080169677734, 10.572450637817383, -16.395957946777344, -6.2870774269104, -17.324954986572266, -10.964290618896484, -8.496159553527832, -6.723612308502197, -5.133978366851807]",0.100329671,20.06290054,222.7812805,3606.515055,3199.689764,6383.045615,-1.98E-08,-6.53E-06,2,3,2,3,2,0
New knowledge from science,citizen_audio_f6a0655d-c1d2-4f2a-b245-37cdbe5c5f02.wav,"[-336.7159118652344, 118.5866928100586, -30.448026657104492, 16.182268142700195, 21.867794036865234, -22.60826301574707, -7.812044620513916, -4.332025527954102, -12.727060317993164, -0.9963312149047852, -6.528870105743408, -14.928054809570312, -12.597138404846191]",0.065236111,14.58821011,192.4392242,2141.286402,1515.949986,3574.618573,-9.64E-08,-8.15E-06,3,3,3,4,2,0
New knowledge from science,citizen_audio_ffd5b812-fd2f-4c92-a5aa-30be026ea120.wav,"[-417.6957702636719, 75.07813262939453, 31.273635864257812, 20.925004959106445, 4.509318828582764, -2.802112340927124, -8.645476341247559, -8.256997108459473, -21.50142478942871, -14.629118919372559, -6.008841514587402, 5.338135719299316, -3.4353222846984863]",0.12991969,11.41375923,164.0711975,3834.28218,3502.399469,6572.041199,1.25E-08,-2.57E-06,3,2,3,4,2,0
Modern English has been spreading,citizen_audio_12fc9e21-70bd-4fde-87dc-a285b26edea5.wav,"[-361.28790283203125, 74.9046630859375, 12.641206741333008, 17.36583709716797, 6.0234527587890625, 0.8180994987487793, -8.205108642578125, 1.0077524185180664, -5.792905330657959, -5.783472537994385, -3.4976041316986084, -11.535680770874023, -8.59281063079834]",0.09227372,11.46228123,165.8470154,3183.366937,2728.190593,5250.991367,2.23E-07,-1.55E-05,3,4,4,3,3,1
Modern English has been spreading,citizen_audio_1c92a5b7-2004-416e-8352-3a9dd55e986a.wav,"[-398.5472412109375, 103.54192352294922, 0.936974287033081, 25.025718688964844, 15.003185272216797, -7.817821502685547, -16.614063262939453, -9.860698699951172, -6.676990032196045, -4.82158088684082, 1.4597666263580322, -3.7676522731781006, -8.127758026123047]",0.064254855,12.04348755,170.4228668,2570.600073,2750.621119,4391.79706,4.85E-08,-1.14E-06,4,5,5,2,4,1
Modern English has been spreading,citizen_audio_41d4938d-378a-452f-ba10-70c628c95413.wav,"[-431.0892639160156, 96.7007064819336, -26.60758399963379, 0.6695985198020935, 14.114706993103027, -13.090407371520996, -13.148792266845703, -14.16640567779541, -14.065030097961426, -3.881563663482666, -4.866053104400635, -6.968230724334717, -5.01698637008667]",0.062306356,32.77726746,289.10672,3447.499426,2930.096584,6161.327895,4.42E-08,1.86E-06,2,3,2,4,2,0
Modern English has been spreading,citizen_audio_45daea32-ae56-4f81-a2df-140ccefb61ec.wav,"[-335.71014404296875, 64.6205062866211, -2.834604263305664, 17.571962356567383, -33.1295280456543, -5.298971652984619, -17.67350959777832, -8.679616928100586, -19.42393684387207, -3.2984488010406494, -19.921512603759766, -2.4147896766662598, -10.498834609985352]",0.207498685,72.58831024,428.562561,2082.626723,1573.185756,3700.033354,4.43E-06,1.24E-05,1,1,1,4,1,0
Modern English has been spreading,citizen_audio_5e504161-24d7-41d2-9827-95a8000112b1.wav,"[-451.39959716796875, 102.72784423828125, 20.798030853271484, 24.466583251953125, 1.0982508659362793, -7.7082343101501465, -11.056421279907227, -11.624549865722656, -9.143845558166504, -6.940268516540527, 2.034667491912842, -10.665701866149902, -14.002927780151367]",0.056199006,11.08055878,147.157074,2364.306664,2659.819494,4206.892177,-2.37E-09,1.09E-06,3,4,4,3,3,1
Modern English has been spreading,citizen_audio_687ee289-00a5-4794-916e-8e8ebcdc7536.wav,"[-398.2223815917969, 90.35089874267578, -15.817628860473633, 26.099315643310547, 1.2757929563522339, 0.18084973096847534, -14.770671844482422, -29.47027587890625, -3.283651828765869, -14.408407211303711, -19.02363395690918, -10.168045997619629, -9.325828552246094]",0.080339715,20.18072891,224.2374725,2675.33498,2278.947779,4359.431306,5.86E-09,7.64E-07,2,4,2,4,2,0
Modern English has been spreading,citizen_audio_7bfa053f-9d21-45d1-be95-2ec47554b81c.wav,"[-460.4929504394531, 83.66617584228516, -11.93266487121582, 10.581570625305176, 9.459113121032715, -2.0012173652648926, -15.600227355957031, -12.00849723815918, -9.54430103302002, -16.46442413330078, -7.160261631011963, -12.199494361877441, -15.792821884155273]",0.071793473,13.72893047,182.7765503,2937.709789,2546.585458,5140.596847,8.57E-09,3.07E-07,5,5,5,4,4,1
Modern English has been spreading,citizen_audio_8d996ee3-7b83-44e4-8ec9-4e6ac80ea767.wav,"[-384.4133605957031, 99.83181762695312, -14.454520225524902, 13.068533897399902, 11.673539161682129, 0.4808572232723236, -9.454646110534668, -12.261384010314941, -16.324661254882812, -12.564208984375, -9.759164810180664, -9.688532829284668, -4.565756320953369]",0.075786374,14.22822475,181.069458,2983.998404,2839.64257,5138.712133,-5.74E-08,-9.16E-07,4,3,3,4,2,0
Modern English has been spreading,citizen_audio_ad2c4ec7-28f9-4e63-8f42-a91c3c59ddaa.wav,"[-363.2995300292969, 70.81827545166016, -23.063966751098633, 6.400598049163818, 22.247953414916992, -3.0269222259521484, -18.97630500793457, -14.605450630187988, -21.626014709472656, -4.241316318511963, 0.0634443536400795, -7.776566028594971, -15.654963493347168]",0.117469567,17.11156845,206.0224152,3627.830741,2951.53374,6105.478356,1.83E-07,-1.42E-05,2,3,2,4,4,0
Modern English has been spreading,citizen_audio_cfda1447-b820-447e-9fa8-6e956cf6a3ed.wav,"[-432.70538330078125, 106.25182342529297, 22.90589141845703, 6.4124755859375, 8.911760330200195, -6.056273460388184, -13.481023788452148, -9.561494827270508, -9.014557838439941, -9.419328689575195, -9.858490943908691, -9.332066535949707, -5.105292797088623]",0.071997009,16.14325142,186.4143524,3188.837277,3967.422071,6093.00614,-1.10E-08,-1.17E-06,1,1,1,4,1,0
Modern English has been spreading,citizen_audio_e3904a30-7517-44b8-b84b-2541aab131d4.wav,"[-425.18634033203125, 131.38909912109375, -29.057540893554688, 31.480257034301758, 22.51355743408203, 10.74295425415039, -4.934962272644043, -30.107519149780273, -22.76900863647461, -18.300765991210938, -6.70456075668335, -10.578533172607422, -10.738713264465332]",0.074266896,16.1542263,195.0612183,2265.104114,1847.001684,3705.781098,1.28E-09,1.37E-06,2,3,1,4,1,0
Modern English has been spreading,citizen_audio_f9b129cb-247a-4dec-84db-1efc6d0e6b0d.wav,"[-341.03173828125, 56.51060104370117, 8.767546653747559, 21.650171279907227, -14.08995246887207, 11.85023307800293, -18.479999542236328, -4.8859782218933105, -10.085108757019043, -11.228249549865723, -6.92077112197876, -9.021592140197754, -5.3390583992004395]",0.127328232,17.18890572,201.7223663,4229.120976,3518.95261,7550.154564,-4.01E-08,-1.86E-05,3,3,2,3,2,0
"Over time, philosophers",citizen_audio_076a4076-92d9-4ca0-8a8e-ac86eff997a7.wav,"[-366.94622802734375, 116.1064224243164, -14.753353118896484, 6.961520195007324, 4.296153545379639, -19.299518585205078, 6.268904209136963, 2.578749656677246, -17.459190368652344, -11.449402809143066, -15.125937461853027, -16.117067337036133, -5.419580459594727]",0.050143408,11.1850853,157.5185852,1724.335297,1428.921538,2800.26113,-6.33E-08,-1.86E-05,4,3,3,2,2,0
"Over time, philosophers",citizen_audio_17a65e83-5015-4713-addc-53fd46c72849.wav,"[-411.0462646484375, 88.13526153564453, -24.681861877441406, 3.094167947769165, 17.64752769470215, -9.403470993041992, -22.89374351501465, -11.390603065490723, -19.48122787475586, -3.404038906097412, -0.47118693590164185, -5.283813953399658, -15.829142570495605]",0.117338112,17.57200813,204.6478271,3663.520129,2977.821219,6460.994138,6.23E-07,7.27E-06,3,4,2,4,3,0
"Over time, philosophers",citizen_audio_27ff0444-7fb0-4ee1-b820-3f2771a4ae6b.wav,"[-409.7723693847656, 96.32149505615234, 15.142243385314941, 29.828027725219727, 8.145130157470703, 4.659442901611328, 2.2007131576538086, 11.142301559448242, -9.109227180480957, 1.5749374628067017, 8.257438659667969, -6.6456804275512695, -2.442087173461914]",0.076075938,8.345722198,128.7343903,3359.234981,3801.650882,5933.081346,8.94E-08,7.30E-06,4,4,3,3,3,1
"Over time, philosophers",citizen_audio_39a6c29c-aa18-4096-9ba0-a29b949d6a31.wav,"[-407.7686462402344, 91.08361053466797, 20.163000106811523, 9.881523132324219, 1.4694099426269531, -4.491093635559082, -13.67716121673584, -13.819242477416992, -10.819315910339355, -7.26487922668457, -2.8965282440185547, -3.1833040714263916, -1.271561861038208]",0.118268553,13.89657974,177.1970978,4188.654178,4180.062537,7241.116614,1.37E-07,-9.78E-07,3,3,2,3,3,0
"Over time, philosophers",citizen_audio_3a0127fc-6a15-46f8-b41a-d52bd7744238.wav,"[-395.20849609375, 86.57617950439453, 8.11561107635498, 31.449382781982422, -7.956001281738281, 12.137626647949219, -6.85675573348999, 5.561878681182861, -6.554368019104004, -9.0005464553833, -8.529934883117676, -3.5383050441741943, -5.748608589172363]",0.081543555,15.71678829,188.0050354,3221.378038,3482.497297,5806.515519,-7.57E-08,3.38E-06,5,4,5,3,4,1
"Over time, philosophers",citizen_audio_41acd23f-2c0b-4313-b796-57ea737466a6.wav,"[-368.1537780761719, 133.2708740234375, -11.978312492370605, 11.649409294128418, 18.505382537841797, -1.0285167694091797, 12.007268905639648, -4.216702938079834, -15.696492195129395, 2.132899522781372, -2.424988269805908, -7.078899383544922, 2.3601059913635254]",0.041831368,17.10902977,199.4542236,1856.376184,1538.957634,3195.418974,3.85E-08,-7.75E-05,5,5,5,2,2,1
"Over time, philosophers",citizen_audio_4458e920-67a9-48be-8fcd-7923dbada179.wav,"[-395.9287109375, 119.88870239257812, -2.5331013202667236, -3.926659107208252, -11.186788558959961, -20.272647857666016, -13.141791343688965, -11.021600723266602, -14.737525939941406, -12.23160457611084, -8.571847915649414, -6.942129135131836, -8.027801513671875]",0.076876882,19.53674507,208.8659668,3711.645833,3024.099165,6428.166528,5.63E-09,7.02E-07,3,4,3,4,2,0
"Over time, philosophers",citizen_audio_5d7450c9-1cd0-4699-a352-76aff041d802.wav,"[-462.20501708984375, 78.3557357788086, 4.278918266296387, 10.419896125793457, -8.452919006347656, -13.227338790893555, -6.506217956542969, -9.63585376739502, -13.877827644348145, -6.966178894042969, 2.547578811645508, -12.619871139526367, -11.242607116699219]",0.082623226,14.6416626,176.390976,3108.086314,2717.494418,5239.254763,3.84E-09,8.40E-07,4,3,3,4,3,0
"Over time, philosophers",citizen_audio_7fd0e835-f662-492c-8903-4ab7d7e99a66.wav,"[-425.2246398925781, 99.7655029296875, -30.889944076538086, -7.392007350921631, 0.6734917163848877, -20.392427444458008, -5.9652581214904785, -6.760575294494629, -13.847061157226562, -3.0115458965301514, -3.3781774044036865, -6.306336879730225, -3.2243781089782715]",0.063035616,31.73536301,277.6976929,3483.581243,2877.519915,6325.120974,3.40E-08,-8.54E-06,4,3,2,5,2,0
"Over time, philosophers",citizen_audio_854bcca0-5542-4743-8c6e-8588ae973019.wav,"[-398.47003173828125, 88.02143096923828, 4.418981075286865, 52.45979690551758, 1.7765003442764282, -8.462726593017578, -5.2447662353515625, -10.427482604980469, -3.729764223098755, -5.885138511657715, 2.3445892333984375, -1.1151726245880127, -0.7930138111114502]",0.101515871,18.60785484,222.3487244,3109.971485,2332.15392,5107.31982,-2.15E-08,-1.54E-06,2,3,2,4,1,0
"Over time, philosophers",citizen_audio_8c7c2295-fa5f-4a8e-ae49-1b4583ed5261.wav,"[-381.3808898925781, 122.73551177978516, -16.764249801635742, 15.44542121887207, 18.62778663635254, -6.017704486846924, 9.606485366821289, -2.662947177886963, -12.420844078063965, 2.706878185272217, -4.08126163482666, -5.9546356201171875, 3.9465513229370117]",0.04303687,17.25771141,202.4595642,1776.062155,1473.104055,3032.856422,-9.12E-08,-6.77E-05,5,4,3,2,3,1
"Over time, philosophers",citizen_audio_955959cb-e44f-4016-b030-98dcad1283f9.wav,"[-388.8406982421875, 71.51080322265625, -11.583272933959961, 21.080718994140625, -3.765462636947632, 10.086947441101074, 0.27117815613746643, -1.483459711074829, -8.407073020935059, -3.8171842098236084, -5.056753158569336, 2.2567849159240723, -9.388934135437012]",0.098226402,23.47538185,238.9997253,3632.622255,3342.66536,6647.140518,1.08E-08,1.10E-06,4,5,4,3,4,1
"Over time, philosophers",citizen_audio_caaefabb-af71-41b2-b03b-a56e404d341e.wav,"[-398.69842529296875, 112.77003479003906, -22.488433837890625, 7.910001277923584, 11.328869819641113, -4.689324378967285, -22.410873413085938, -17.613977432250977, -8.73141860961914, -17.78569984436035, -2.0363316535949707, -3.678175210952759, -17.017959594726562]",0.067939593,20.1838665,216.9455414,2329.951211,1973.688167,3919.273591,-1.59E-08,-5.98E-06,3,4,3,3,3,0
"Over time, philosophers",citizen_audio_d3480a4f-dc7e-4688-ab05-1ef5dc7766fd.wav,"[-450.5984191894531, 97.31827545166016, 4.6742987632751465, 11.797881126403809, -0.09319532662630081, 4.474121570587158, -6.760868549346924, -20.29889488220215, -13.223376274108887, -17.098634719848633, -13.736846923828125, -12.242326736450195, -13.833344459533691]",0.068206193,17.42027473,193.9067841,2395.444098,2286.87841,3939.526511,2.50E-09,2.63E-07,2,2,2,2,2,0
"Over time, philosophers",citizen_audio_f037d658-9950-4447-976d-14d2a9b3dc0a.wav,"[-428.60198974609375, 116.98748016357422, -25.74983024597168, 15.049356460571289, 2.4493322372436523, 1.130395770072937, -3.22344708442688, -25.401596069335938, -18.67171287536621, -16.09674644470215, -6.463729381561279, -7.789567470550537, -14.219578742980957]",0.081808415,17.7251606,201.4714355,2438.149933,1984.946992,3979.8497,-4.35E-09,8.99E-07,2,3,2,5,2,0
"Over time, philosophers",citizen_audio_f8701538-47cf-4928-8b91-78d2fd838a55.wav,"[-428.5155029296875, 123.82307434082031, 2.485326051712036, 23.806102752685547, 3.300191640853882, 3.86362624168396, 6.885564804077148, 15.791410446166992, -8.751585006713867, -9.319721221923828, -7.122941493988037, -7.740612983703613, -5.949904441833496]",0.073495448,12.61976147,155.5507813,3007.397445,3227.494236,5624.397198,-4.07E-07,4.95E-06,4,3,3,3,2,0
"Over time, philosophers",citizen_audio_f71df513-3fb8-4271-88c4-f64cbdacc0e4.wav,"[-406.8207702636719, 96.07676696777344, 10.212088584899902, 35.66078567504883, 9.310369491577148, 19.412961959838867, 9.385357856750488, 10.056876182556152, 1.4517974853515625, -1.8082448244094849, 5.6242289543151855, -0.061045918613672256, -0.8112171292304993]",0.072913929,16.2469902,198.8842926,3012.466268,3393.617048,5276.005376,-1.09E-06,9.25E-06,5,5,5,3,4,1
Peg and Datiz,citizen_audio_06cb76a2-2814-40de-966e-f740c7165618.wav,"[-429.8597717285156, 90.3977279663086, -7.883924961090088, 16.94635009765625, -4.333472728729248, -4.579322814941406, -5.8288397789001465, -10.65841007232666, -12.791000366210938, -13.633103370666504, 2.6261754035949707, -10.024590492248535, -8.78741455078125]",0.080864306,23.48932648,230.585968,2958.235419,2753.379683,5195.206761,-7.12E-10,-5.73E-07,5,3,2,4,2,0
Peg and Datiz,citizen_audio_2454a642-45f2-416e-8827-6f8abaa8d08c.wav,"[-402.176025390625, 74.91837310791016, -3.0290122032165527, 15.296106338500977, 14.710058212280273, -12.290105819702148, -5.840648174285889, -3.1132044792175293, -9.569835662841797, -3.467346668243408, -5.3999481201171875, -8.262514114379883, -3.4336390495300293]",0.056129886,21.93539238,239.1741638,2418.14187,2242.933372,4236.241684,-7.76E-08,1.56E-06,2,5,2,1,5,0
Peg and Datiz,citizen_audio_28835598-3d14-416a-ade4-c53c0c5c2e20.wav,"[-436.3272399902344, 88.28585052490234, -29.47675895690918, -0.5133776664733887, 4.672996520996094, -19.41428565979004, -5.649536609649658, -5.2588372230529785, -11.54550838470459, -2.5989019870758057, -3.138962984085083, -4.1245317459106445, -1.7481507062911987]",0.068377168,31.93093491,282.1271362,3379.392148,2892.516847,5817.246063,7.52E-09,2.26E-06,2,3,2,5,1,0
Peg and Datiz,citizen_audio_2b6b9dec-b46b-49bb-bf49-c5b1fd7426e9.wav,"[-405.7971496582031, 97.03804779052734, 7.325224876403809, 12.03314208984375, 3.14656138420105, 7.328338146209717, -7.496282577514648, -10.428574562072754, -7.71720027923584, -6.449222087860107, -11.348260879516602, -13.653884887695312, -2.082289457321167]",0.086314665,13.78576756,174.4668884,2960.941487,2661.711383,4944.882561,-2.70E-06,-1.67E-05,4,4,4,3,4,1
Peg and Datiz,citizen_audio_4e890b1e-c7d7-46e3-8250-6afbbe79ac5e.wav,"[-468.533447265625, 116.29923248291016, -26.343767166137695, 36.792423248291016, -4.628405570983887, -4.721581935882568, 1.6448884010314941, -8.335489273071289, -5.498725414276123, -12.48611831665039, -0.6723389029502869, -13.488357543945312, -10.281983375549316]",0.085291749,26.70679855,248.2732086,2982.972761,2600.032463,5324.883258,-2.35E-09,2.18E-07,2,4,2,3,3,0
Peg and Datiz,citizen_audio_51169265-10ce-441a-81ca-479a904125f5.wav,"[-399.4023132324219, 98.3371810913086, 8.216141700744629, 16.386119842529297, 15.11176586151123, 1.8099137544631958, -5.421180248260498, -1.7425378561019897, -10.094284057617188, -13.443352699279785, -15.763192176818848, -6.5871171951293945, -3.2495367527008057]",0.066905667,22.08546066,225.598114,2503.286731,2855.007688,4289.38844,-1.78E-08,2.57E-07,3,3,3,3,2,0
Peg and Datiz,citizen_audio_56308d42-5fc5-4d2d-90f7-61898c8c6bde.wav,"[-366.55596923828125, 62.52019119262695, -17.949609756469727, 17.07450294494629, -4.947634220123291, -0.08100593090057373, -17.053621292114258, -12.440910339355469, -18.157119750976562, -7.761669635772705, -5.57748556137085, -10.6500883102417, -9.651232719421387]",0.129806161,48.47392273,349.3456116,2461.589128,1843.377588,4179.75187,-5.40E-09,-5.09E-07,4,5,5,3,4,1
Peg and Datiz,citizen_audio_57bec0f5-ad3c-43b0-afe1-444e6d608ebb.wav,"[-403.2840270996094, 69.2788314819336, -5.560084819793701, 16.79517364501953, -1.9766474962234497, 9.444205284118652, -3.239487648010254, -4.257355213165283, -10.323037147521973, -1.7968865633010864, -5.808984756469727, -1.4457215070724487, -9.697941780090332]",0.096152406,23.305439,234.9289093,3743.5791,3518.74745,6920.068186,1.88E-09,8.80E-07,4,4,4,3,4,1
Peg and Datiz,citizen_audio_77813f57-da1d-4f34-8115-c3d426f52249.wav,"[-416.3487854003906, 76.5438461303711, -19.23693084716797, 9.40145492553711, -1.997822642326355, 3.7160937786102295, -14.438761711120605, -13.18477725982666, -4.370301246643066, -18.05332374572754, -1.5252052545547485, -7.949850082397461, -3.3893353939056396]",0.080138953,23.2610302,232.7874603,2994.643747,2888.060637,5101.533097,5.23E-11,6.55E-07,3,3,3,2,3,0
Peg and Datiz,citizen_audio_97a08d75-267b-4037-9268-ffaf058970c9.wav,"[-392.0794372558594, 86.33641052246094, -6.376300811767578, 0.04552322253584862, 4.943548679351807, -10.270724296569824, -9.495085716247559, -14.564497947692871, -14.424732208251953, -5.242496490478516, -9.238799095153809, -9.950716018676758, -4.339468955993652]",0.062110059,24.38474464,246.1304779,2519.280473,2126.720078,4467.99273,2.24E-07,1.32E-06,2,3,2,4,2,0
Peg and Datiz,citizen_audio_98f4dfd1-eeba-4428-a61b-ddcc667cd8c6.wav,"[-392.868408203125, 51.931175231933594, 58.80261993408203, 6.970524311065674, -18.57044792175293, 20.162681579589844, -34.32114028930664, 1.757050633430481, -12.141850471496582, -2.029843330383301, 1.2287718057632446, -16.730871200561523, -0.8085471987724304]",0.234099787,6.416862011,104.6318283,7639.854897,5299.865457,12700.5354,1.32E-07,-9.03E-06,2,3,3,3,2,0
Peg and Datiz,citizen_audio_9cdbac22-3c8d-4456-a548-dcb12b22f24b.wav,"[-467.0611572265625, 108.81230926513672, 11.339420318603516, 20.42034149169922, 3.2812719345092773, 7.488258361816406, 8.303977012634277, 8.61489486694336, -10.738655090332031, -11.876322746276855, -8.038918495178223, -5.559598445892334, -5.2079057693481445]",0.07626557,12.36161137,151.0649109,3252.131136,3516.692292,6252.991886,-8.26E-07,2.57E-07,5,4,3,2,2,0
Peg and Datiz,citizen_audio_a8ea29dd-1b4c-493f-87a4-4957290e9469.wav,"[-390.9237060546875, 51.79644012451172, 31.616369247436523, 3.966810941696167, 6.854793071746826, 2.2436423301696777, 0.2664036452770233, -3.787541627883911, 4.434043884277344, -12.34602165222168, -5.484064102172852, 1.7571003437042236, -1.2670726776123047]",0.199494449,16.62064171,196.0647278,8043.900205,6954.918801,16427.52508,9.19E-07,1.93E-06,3,3,3,3,3,1
Peg and Datiz,citizen_audio_bc7bb375-59e3-48c1-aa45-7e31f5fb4910.wav,"[-436.6244201660156, 131.01803588867188, -17.31418800354004, 20.434558868408203, 20.939682006835938, -7.60057258605957, 11.88774585723877, -1.2952345609664917, -12.859713554382324, 3.8635401725769043, -3.43512225151062, -5.42200231552124, 2.8862788677215576]",0.039777869,13.84198856,179.6911316,1557.97458,1343.140889,2624.176383,1.62E-07,1.17E-05,5,4,4,3,2,1
Peg and Datiz,citizen_audio_c66cad30-03f3-4a2d-9b69-81c359107c61.wav,"[-417.634521484375, 94.49636840820312, -7.204711437225342, 16.21825408935547, -0.6509455442428589, -14.210052490234375, -21.951282501220703, -14.085901260375977, -4.584376811981201, -12.85590934753418, -1.2791556119918823, -8.77025318145752, -14.680465698242188]",0.066853675,19.19312859,198.1276398,2408.986828,2302.858741,3916.607591,9.41E-09,6.27E-07,3,4,3,3,2,1
Peg and Datiz,citizen_audio_d700a12a-dbd6-489f-99b8-acca1bed290c.wav,"[-425.1695251464844, 60.58869171142578, 9.297810554504395, 12.174185752868652, 7.528140068054199, 4.740603446960449, -6.445276737213135, -5.931369304656982, -19.05097770690918, -10.593794822692871, -8.449667930603027, -6.20654821395874, -10.48585033416748]",0.102175374,21.49064827,225.0129395,4180.811499,4048.862928,7760.976168,-8.56E-09,-6.73E-07,3,4,4,3,3,1
Peg and Datiz,citizen_audio_fc678202-d0e5-4789-a0b8-289515b0493b.wav,"[-446.18017578125, 106.51963806152344, 24.21870994567871, 46.44483947753906, 2.571803092956543, 12.661852836608887, 3.671170711517334, -7.298206806182861, -12.232807159423828, -3.686518430709839, 9.944450378417969, -3.0455524921417236, -1.7649885416030884]",0.079743454,13.38158226,173.2733917,3032.525231,2961.58934,5410.442398,4.32E-07,-1.19E-05,2,2,2,4,1,0
Peg and Datiz,citizen_audio_fde04bfb-d304-4523-a00d-32672453f280.wav,"[-378.0838928222656, 64.24269104003906, -0.07725361734628677, 19.16632080078125, -1.103562593460083, 8.26255989074707, -0.6870688796043396, -2.9088828563690186, -14.512810707092285, -4.137758255004883, -2.7186279296875, -3.692000389099121, -8.63996696472168]",0.093880538,18.08899689,204.3589935,3580.811554,3396.781292,6567.260059,1.10E-08,-1.81E-06,3,4,3,3,4,1
To build a house,citizen_audio_20f28680-b251-4076-a45c-7d3305388a3d.wav,"[-502.31622314453125, 101.60861206054688, 56.203033447265625, 33.22236251831055, 14.564194679260254, 0.5323102474212646, -11.00654411315918, -9.794891357421875, -8.016033172607422, -3.0288944244384766, 3.5023140907287598, -0.4106113612651825, -3.639875888824463]",0.062396146,5.362128735,90.15575409,4106.896668,5523.689079,9366.075855,-1.19E-06,-1.39E-05,2,2,1,3,1,0
To build a house,citizen_audio_21b31929-4ad7-4f7f-9ec9-a51a8713bfe7.wav,"[-412.8533020019531, 65.10270690917969, -1.169844388961792, 60.49327850341797, 4.150119781494141, -3.0668091773986816, -0.8157957792282104, -10.791248321533203, -11.41673755645752, -13.960775375366211, -0.8472169041633606, -7.426036834716797, -5.296697616577148]",0.117630607,16.96966934,213.9872131,3562.59155,2467.841575,5749.728381,-1.15E-08,-4.36E-08,2,2,2,4,2,0
To build a house,citizen_audio_29ad9fc5-1191-472b-a331-f9c60001c327.wav,"[-417.86907958984375, 85.25200653076172, -10.705936431884766, 32.237091064453125, -3.947352886199951, -5.14696741104126, 2.2526586055755615, -4.100124835968018, -5.966376304626465, -12.970474243164062, -1.1647216081619263, -11.276406288146973, -9.764436721801758]",0.097739278,24.05571938,239.2826538,3135.076425,2422.680992,5326.290486,5.09E-09,2.13E-07,3,3,2,4,2,0
To build a house,citizen_audio_49ef82f0-497a-422c-8533-598d02265ada.wav,"[-388.8082275390625, 78.54058837890625, -14.261454582214355, 18.132558822631836, 2.1831209659576416, -4.739964008331299, 2.144679546356201, -7.285180568695068, -4.745258331298828, -11.892769813537598, -6.706379413604736, 3.985227584838867, -6.960391521453857]",0.090687422,21.06276703,228.1892548,3038.820463,2506.21087,5128.01701,3.50E-08,-2.59E-06,3,4,4,2,4,1
To build a house,citizen_audio_5a88064e-6ec5-4030-93f8-32b2aa3c0307.wav,"[-458.6370849609375, 73.59927368164062, -15.4224853515625, 8.368093490600586, -2.753997802734375, -0.30600544810295105, -10.228463172912598, -18.165695190429688, -5.305595874786377, -8.600520133972168, -2.286837339401245, -3.9905264377593994, -9.72168254852295]",0.09930774,24.04206085,236.0487823,3416.92379,2821.625864,5754.12122,-4.74E-12,2.67E-08,4,4,3,4,3,1
To build a house,citizen_audio_694e7c06-62e2-429b-a11f-9575020baa53.wav,"[-384.87994384765625, 63.440277099609375, 6.185031414031982, 32.50985336303711, -11.463387489318848, 16.90087127685547, -4.008816242218018, 2.475534677505493, -10.91478443145752, -9.590868949890137, -9.812498092651367, -3.5676140785217285, -9.281088829040527]",0.118413526,13.90308857,178.0692749,3944.931457,3468.68304,6807.20763,8.93E-08,1.80E-06,4,5,4,4,4,1
To build a house,citizen_audio_710e01c2-2617-414f-8489-c4bf2c88e1f1.wav,"[-379.8189697265625, 77.04492950439453, 4.106710910797119, 7.986774444580078, -0.845940113067627, 9.519481658935547, -0.37522876262664795, 5.6396942138671875, -9.779465675354004, -6.379067897796631, 0.6741564869880676, -7.709251403808594, -11.280205726623535]",0.123783803,13.56719971,173.6387177,3766.101349,2916.754612,6200.889906,-1.58E-07,-1.61E-05,4,4,3,2,3,1
To build a house,citizen_audio_7f2256c8-9d7e-4c64-bd96-02da65a9f8b6.wav,"[-411.9143371582031, 88.38969421386719, -5.28176736831665, 17.1884822845459, -11.811836242675781, -9.702644348144531, -10.183969497680664, -16.6937255859375, -9.299334526062012, -10.552388191223145, 3.8024306297302246, -4.774072647094727, -13.045570373535156]",0.099194409,21.66521835,225.4024048,3157.155644,2484.535199,5196.044482,-8.79E-10,-1.47E-06,5,3,3,4,2,0
To build a house,citizen_audio_80bdafb6-984b-425e-80ca-f526f10cde57.wav,"[-419.0674743652344, 75.28868103027344, 11.15679931640625, 29.58992576599121, 8.450089454650879, 6.36030912399292, 3.789903163909912, 10.186010360717773, -9.351285934448242, 3.1612377166748047, 7.511936187744141, -5.506454944610596, 0.10821786522865295]",0.09427641,8.786073685,134.2324371,3922.942637,4122.153217,7169.221266,6.11E-08,6.09E-06,3,3,2,4,2,0
To build a house,citizen_audio_865b63c8-a0a7-4846-b6ca-26a85bb15828.wav,"[-379.5714416503906, 62.96749496459961, 6.023129940032959, 37.29682540893555, -10.65491771697998, 21.23209571838379, -6.308747291564941, 4.867406368255615, -8.026984214782715, -7.611330032348633, -12.514410972595215, -0.9232044816017151, -6.556985378265381]",0.120319007,14.90241241,186.99617,4064.682388,3520.315826,7076.756618,-8.91E-07,-1.29E-05,3,5,5,3,4,1
To build a house,citizen_audio_8821c0d8-1df8-4afe-a83a-846d0cf208bc.wav,"[-426.155517578125, 79.50289154052734, 1.3762593269348145, 12.033220291137695, -25.261194229125977, -10.30061149597168, -4.068403720855713, -12.96963119506836, -1.3974989652633667, -6.084225177764893, -6.93575382232666, -7.237849235534668, -0.38573360443115234]",0.090488674,20.54335403,211.0701599,3109.898522,2683.821828,5194.117258,-1.88E-10,-3.49E-08,4,3,3,3,1,0
To build a house,citizen_audio_98aa52a3-e72f-480f-83d6-e010cff49d24.wav,"[-441.3940124511719, 86.02789306640625, 13.335699081420898, 7.577267169952393, -3.0394856929779053, -1.4262903928756714, -13.847654342651367, -11.283949851989746, -8.188558578491211, -6.38167142868042, -2.27668833732605, -4.234844207763672, -3.7847225666046143]",0.158749831,17.97959518,203.450058,5180.233854,4428.592325,8780.288924,-2.34E-06,3.46E-06,4,4,4,3,3,1
To build a house,citizen_audio_a1383933-ce3b-4fc1-b487-fd6229ece210.wav,"[-325.7189025878906, 76.6363296508789, 5.619207859039307, 18.49483299255371, -30.76030158996582, -5.015349864959717, -13.074169158935547, -2.0534963607788086, -5.413611888885498, -13.431262969970703, -7.036479949951172, -5.985905170440674, 0.26861849427223206]",0.156748983,14.36559582,176.3445129,4470.915945,3117.739971,7287.572774,1.04E-07,-1.86E-05,3,4,3,3,3,0
To build a house,citizen_audio_a5e696f9-473c-4c82-97c2-dbcd3c213edd.wav,"[-463.4287109375, 95.397216796875, 57.85181427001953, 34.47895812988281, 14.328659057617188, 2.4768459796905518, -9.529073715209961, -9.324777603149414, -6.042286396026611, -1.9911227226257324, 2.9171555042266846, -1.1853612661361694, -3.696631908416748]",0.069186734,5.573225021,92.38113403,4137.073319,5429.641314,9111.224677,-2.86E-06,-2.98E-05,1,2,1,3,1,0
To build a house,citizen_audio_ad175ef8-0727-448b-b2e5-1eea5929e232.wav,"[-465.40032958984375, 68.4714584350586, 5.52798318862915, 15.175378799438477, -2.764237403869629, -2.9543449878692627, -6.167397499084473, -5.07224178314209, -2.862741470336914, -6.9173688888549805, -0.13464604318141937, -6.973618507385254, -6.773946285247803]",0.068802887,13.50187206,162.8538055,3228.054179,3512.264254,6166.530227,-5.70E-10,5.27E-07,5,4,3,3,2,0
To build a house,citizen_audio_b1215418-4645-488d-9308-0f7131d1ffd7.wav,"[-433.3049621582031, 98.27516174316406, 30.78276252746582, 22.44037437438965, 13.967270851135254, 8.775229454040527, 1.9678155183792114, -6.98309850692749, -3.519272804260254, -3.3112239837646484, -4.307816028594971, -3.399017810821533, -2.8470301628112793]",0.06720588,12.82890511,162.8416901,2403.885003,2437.079858,4592.148453,-1.64E-08,2.15E-06,2,4,3,1,2,0
To build a house,citizen_audio_b2e171e2-d1f6-4ee2-becf-d054bd3737f8.wav,"[-447.4429931640625, 94.4044418334961, -14.142224311828613, 7.069746971130371, 4.3798747062683105, -12.410122871398926, 4.861670970916748, 2.3640780448913574, -7.3198018074035645, -4.95385217666626, -5.5679216384887695, -2.593621253967285, -2.0060131549835205]",0.083745919,30.09702492,275.0506897,2913.945631,2354.413729,4857.458475,1.66E-09,3.98E-06,3,3,3,3,2,0
To build a house,citizen_audio_b52562a0-f1e4-4e56-b411-65c84ab26729.wav,"[-440.04376220703125, 76.22203063964844, -7.34043025970459, 18.238401412963867, -2.4178831577301025, 10.969788551330566, -9.615622520446777, -6.536607265472412, -6.040363311767578, -3.175786018371582, -6.008328914642334, 0.13075155019760132, -9.90738296508789]",0.100683124,15.86360645,187.6484985,3655.791349,3302.542884,6479.053653,-1.54E-09,-5.01E-07,4,4,3,2,3,0
To build a house,citizen_audio_b8b165c0-416e-45fd-af59-7ad2de7bbd1f.wav,"[-398.9516906738281, 58.06096649169922, 1.765370488166809, 19.568355560302734, -2.1362228393554688, 6.516230583190918, -1.6622211933135986, 9.181276321411133, -0.7185971736907959, -7.327409267425537, -9.53253173828125, -6.246850490570068, -3.324598789215088]",0.125955904,17.43259239,200.7182007,5062.549236,4565.666391,9640.782547,1.59E-09,1.84E-06,4,4,4,3,2,1
To build a house,citizen_audio_c62cdf4e-f923-4710-ae0d-7374c8573ec2.wav,"[-364.398193359375, 80.26200103759766, 4.908029556274414, 16.326356887817383, 10.79230785369873, -5.865713596343994, 2.7273921966552734, 1.5573869943618774, 2.203136444091797, 6.426675796508789, -0.18304340541362762, 2.8679921627044678, 3.9450786113739014]",0.051204103,16.63921928,200.8889313,1690.741586,1867.707692,2686.760836,2.45E-06,-2.29E-06,3,5,5,3,5,1
To build a house,citizen_audio_de324724-de22-4f4f-8121-0d4243e9286b.wav,"[-489.0470886230469, 74.38357543945312, -19.14137077331543, 15.859698295593262, 0.9277955889701843, -4.032210350036621, -11.150239944458008, -7.1663994789123535, -8.452144622802734, -16.9616756439209, -4.888676643371582, -13.83393383026123, -13.031759262084961]",0.089386463,14.76855087,191.0039368,3501.046211,2930.995419,6066.427897,-4.73E-09,2.44E-07,3,5,4,4,4,1
To build a house,citizen_audio_ed7bb3ff-d4b0-4fa2-ab90-511a170042b1.wav,"[-439.21490478515625, 70.52996826171875, -8.70855712890625, 11.106668472290039, -3.732635498046875, 1.0893491506576538, -12.294272422790527, -22.09914207458496, -10.756633758544922, -16.53853988647461, -6.379956245422363, -7.09176778793335, -11.12057113647461]",0.085813102,19.51586342,205.7360992,2880.876747,2580.630686,4604.598758,-2.59E-10,3.38E-07,3,3,3,3,3,1
To build a house,citizen_audio_f35c815e-e505-4353-8417-03f95dbbbbfe.wav,"[-394.78778076171875, 55.76749801635742, -24.909936904907227, 5.915380477905273, 16.85408592224121, -7.648216247558594, -19.12843894958496, -7.801667213439941, -15.360834121704102, -0.35966959595680237, -1.956164002418518, -4.950891017913818, -17.309152603149414]",0.157153669,23.11772919,244.7776184,4758.655869,3506.470083,8110.619458,4.44E-08,-2.65E-08,3,4,3,3,4,1
